-- Database Dump for AcademiaSync

SET FOREIGN_KEY_CHECKS = 0;

-- Data for table carreras
TRUNCATE TABLE carreras;
INSERT INTO carreras (`id`, `nombre`) VALUES
(1, 'Ingeniería Marítima'),
(2, 'Administración Portuaria');

-- Data for table cursos
TRUNCATE TABLE cursos;
INSERT INTO cursos (`id`, `nombre`, `carrera_id`) VALUES
(1, '2026-1 Curso Especial Formación Puente - Nivel 1', 1),
(2, '2026-1   Curso Especial Formación Puente - Nivel 2', 1),
(3, '2026-1 Formación Máquinas Nivel 1 - TGM  a  Motorista 2do ', 1),
(4, '2026-1 Formación Máquinas Nivel 1 - TNS Electricista', 1),
(5, '2026-1 Curso Especial Formación Máquinas Nivel 2- TGM- MOTORISTA 1o  /3er Ing.', 1),
(6, '2026-1 Curso Especial Formación Máquinas Nivel 2- II- ING MEC  /3er Ing', 1),
(7, '2026-1 Curso especial Formación Máquinas - Nivel 2- ING Electr.  /3e Ing.', 1);

-- Data for table profesores
TRUNCATE TABLE profesores;
INSERT INTO profesores (`id`, `nombre`) VALUES
(1, 'Enrique Coloma'),
(2, 'Karem Escudero'),
(3, 'Manuel Moreno'),
(4, 'Dimiter Apostolovski'),
(5, 'Ernesto Godoy'),
(6, 'Carlos Beth'),
(7, 'Guillermo Vargas C.'),
(8, 'Manuel Plaza'),
(9, 'Santiago Murphy'),
(11, 'Rodolfo Estay'),
(12, 'Jaime Vizcarra'),
(13, 'Sixto Vargas'),
(14, 'Lorena Pizarro'),
(15, 'German Kreisel'),
(16, 'Ramón Toro'),
(19, 'K. Scudery'),
(20, 'Karen Escudero');

-- Data for table asignaturas
TRUNCATE TABLE asignaturas;
INSERT INTO asignaturas (`id`, `nombre`) VALUES
(1, 'Nav. Costera I'),
(2, 'Inglés Maniobra'),
(3, 'Legislación Marítima Nacional'),
(4, 'Guardia de Nav'),
(5, 'Matemática general'),
(6, 'Equipos de Puente'),
(7, 'Meteorología'),
(8, 'Familiarización Marítima'),
(9, 'Física General'),
(10, 'Carga y Estiba II'),
(11, 'Maniobras'),
(12, 'Loxodrómica y ortodrómica'),
(13, 'Estabilidad con averías'),
(14, 'Inglés Puente'),
(15, 'Física Aplicada'),
(16, 'Matemáticas Aplicadas'),
(17, 'Talleres y Fabricación'),
(18, 'Matemáticas General'),
(19, 'Inglés Técnico'),
(20, 'Química Industrial'),
(21, 'Deberes de la Guardia'),
(22, 'Dibujo Técnico'),
(23, 'Orient. Profesional'),
(24, 'Náutica'),
(25, 'Matemática Aplicada'),
(26, 'Motores Diesel'),
(27, 'Equip Sistemas Aux'),
(28, 'Electronica'),
(29, 'Mecánica'),
(30, 'Ingles Operation Máquinas'),
(31, 'Generación y Distribución Eléct.'),
(32, 'Legislation Marittima Nacional'),
(33, 'Equipo Sistemas Aux'),
(34, 'Inglés Operación Máquinas'),
(35, 'Deberes de Guardia');

-- Data for table salas
TRUNCATE TABLE salas;
INSERT INTO salas (`id`, `nombre`) VALUES
(1, '105'),
(2, '106'),
(3, '202'),
(4, 'Sala de Reuniones'),
(5, '103');

-- Data for table bloques_horarios
TRUNCATE TABLE bloques_horarios;
INSERT INTO bloques_horarios (`id`, `hora_inicio`, `hora_fin`) VALUES
(1, '14:15', '15:00'),
(2, '15:00', '15:45'),
(3, '16:00', '16:45'),
(4, '16:45', '17:30'),
(5, '17:45', '18:30'),
(6, '18:30', '19:15'),
(7, '08:30', '09:15'),
(8, '09:15', '10:00'),
(9, '10:15', '11:00'),
(10, '11:00', '11:45'),
(11, '12:00', '12:45');

-- Data for table horarios
TRUNCATE TABLE horarios;
INSERT INTO horarios (`id`, `curso_id`, `asignatura_id`, `profesor_id`, `sala_id`, `dia_semana`, `bloque_id`) VALUES
(1, 1, 1, 1, 1, 'LUNES', 1),
(2, 1, 1, 1, 1, 'LUNES', 2),
(3, 1, 2, 2, 1, 'LUNES', 3),
(4, 1, 2, 2, 1, 'LUNES', 4),
(5, 1, 2, 2, 1, 'LUNES', 5),
(6, 1, 2, 2, 1, 'LUNES', 6),
(7, 1, 3, 3, 2, 'MARTES', 1),
(8, 1, 3, 3, 2, 'MARTES', 2),
(9, 1, 4, 4, 2, 'MARTES', 3),
(10, 1, 4, 4, 2, 'MARTES', 4),
(11, 1, 4, 4, 2, 'MARTES', 5),
(12, 1, 5, 5, 2, 'MIÉRCOLES', 3),
(13, 1, 5, 5, 2, 'MIÉRCOLES', 4),
(14, 1, 5, 5, 2, 'MIÉRCOLES', 5),
(15, 1, 5, 5, 2, 'MIÉRCOLES', 6),
(16, 1, 6, 6, 2, 'JUEVES', 1),
(17, 1, 6, 6, 2, 'JUEVES', 2),
(18, 1, 6, 6, 2, 'JUEVES', 3),
(19, 1, 1, 1, 2, 'JUEVES', 4),
(20, 1, 1, 1, 2, 'JUEVES', 5),
(21, 1, 1, 1, 2, 'JUEVES', 6),
(22, 1, 7, 7, 2, 'VIERNES', 1),
(23, 1, 7, 7, 2, 'VIERNES', 2),
(24, 1, 7, 7, 2, 'VIERNES', 3),
(25, 1, 8, 3, 2, 'VIERNES', 4),
(26, 1, 9, 8, 2, 'SÁBADO', 7),
(27, 1, 9, 8, 2, 'SÁBADO', 8),
(28, 1, 9, 8, 2, 'SÁBADO', 9),
(29, 1, 9, 8, 2, 'SÁBADO', 10),
(30, 1, 9, 8, 2, 'SÁBADO', 11),
(31, 2, 10, 4, 3, 'LUNES', 1),
(32, 2, 11, 6, 3, 'LUNES', 2),
(33, 2, 11, 6, 3, 'LUNES', 3),
(34, 2, 11, 6, 3, 'LUNES', 4),
(35, 2, 11, 6, 3, 'LUNES', 5),
(36, 2, 12, 1, 3, 'MARTES', 1),
(37, 2, 12, 1, 3, 'MARTES', 2),
(38, 2, 13, 7, 3, 'MARTES', 3),
(39, 2, 13, 7, 3, 'MARTES', 4),
(40, 2, 13, 7, 3, 'MARTES', 5),
(41, 2, 13, 7, 3, 'MARTES', 6),
(42, 2, 14, 9, 3, 'MIÉRCOLES', 1),
(43, 2, 14, 9, 3, 'MIÉRCOLES', 2),
(44, 2, 14, 9, 3, 'MIÉRCOLES', 3),
(45, 2, 14, 9, 3, 'MIÉRCOLES', 4),
(46, 2, 12, 1, 3, 'JUEVES', 1),
(47, 2, 12, 1, 3, 'JUEVES', 2),
(48, 2, 15, 8, 3, 'JUEVES', 3),
(49, 2, 15, 8, 3, 'JUEVES', 4),
(50, 2, 15, 8, 3, 'JUEVES', 5),
(51, 2, 15, 8, 3, 'JUEVES', 6),
(52, 2, 10, 4, 3, 'VIERNES', 1),
(53, 2, 10, 4, 3, 'VIERNES', 2),
(54, 2, 16, 5, 3, 'VIERNES', 3),
(55, 2, 16, 5, 3, 'VIERNES', 4),
(56, 2, 16, 5, 3, 'VIERNES', 5),
(57, 2, 16, 5, 3, 'VIERNES', 6),
(58, 3, 3, 11, 2, 'LUNES', 1),
(59, 3, 3, 11, 2, 'LUNES', 2),
(60, 3, 8, 12, 2, 'LUNES', 3),
(61, 3, 17, 13, 2, 'LUNES', 4),
(62, 3, 17, 13, 2, 'LUNES', 5),
(63, 3, 18, 5, 1, 'MARTES', 1),
(64, 3, 18, 5, 1, 'MARTES', 2),
(65, 3, 18, 5, 1, 'MARTES', 3),
(66, 3, 18, 5, 1, 'MARTES', 4),
(67, 3, 19, 2, 1, 'MARTES', 5),
(68, 3, 19, 2, 1, 'MARTES', 6),
(69, 3, 20, 14, 1, 'MIÉRCOLES', 1),
(70, 3, 20, 14, 1, 'MIÉRCOLES', 2),
(71, 3, 20, 14, 1, 'MIÉRCOLES', 3),
(72, 3, 20, 14, 1, 'MIÉRCOLES', 4),
(73, 3, 17, 13, 1, 'JUEVES', 1),
(74, 3, 17, 13, 1, 'JUEVES', 2),
(75, 3, 17, 13, 1, 'JUEVES', 3),
(76, 3, 21, 12, 1, 'JUEVES', 5),
(77, 3, 21, 12, 1, 'JUEVES', 6),
(78, 3, 22, 12, 1, 'VIERNES', 1),
(79, 3, 22, 12, 1, 'VIERNES', 2),
(80, 3, 22, 12, 1, 'VIERNES', 3),
(81, 3, 19, 2, 1, 'VIERNES', 5),
(82, 3, 19, 2, 1, 'VIERNES', 6),
(83, 3, 9, 8, 2, 'SÁBADO', 7),
(84, 3, 9, 8, 2, 'SÁBADO', 8),
(85, 3, 9, 8, 2, 'SÁBADO', 9),
(86, 3, 9, 8, 2, 'SÁBADO', 10),
(87, 3, 9, 8, 2, 'SÁBADO', 11),
(88, 4, 3, 11, 2, 'LUNES', 1),
(89, 4, 3, 11, 2, 'LUNES', 2),
(90, 4, 8, 12, 2, 'LUNES', 3),
(91, 4, 17, 13, 2, 'LUNES', 4),
(92, 4, 17, 13, 2, 'LUNES', 5),
(93, 4, 23, 3, 4, 'MARTES', 1),
(94, 4, 23, 3, 4, 'MARTES', 2),
(95, 4, 19, 2, 1, 'MARTES', 5),
(96, 4, 19, 2, 1, 'MARTES', 6),
(97, 4, 20, 14, 1, 'MIÉRCOLES', 1),
(98, 4, 20, 14, 1, 'MIÉRCOLES', 2),
(99, 4, 20, 14, 1, 'MIÉRCOLES', 3),
(100, 4, 20, 14, 1, 'MIÉRCOLES', 4),
(101, 4, 24, 12, 1, 'MIÉRCOLES', 5),
(102, 4, 24, 12, 1, 'MIÉRCOLES', 6),
(103, 4, 17, 13, 1, 'JUEVES', 1),
(104, 4, 17, 13, 1, 'JUEVES', 2),
(105, 4, 17, 13, 1, 'JUEVES', 3),
(106, 4, 21, 12, 1, 'JUEVES', 5),
(107, 4, 21, 12, 1, 'JUEVES', 6),
(108, 4, 22, 12, 1, 'VIERNES', 1),
(109, 4, 22, 12, 1, 'VIERNES', 2),
(110, 4, 22, 12, 1, 'VIERNES', 3),
(111, 4, 19, 2, 1, 'VIERNES', 5),
(112, 4, 19, 2, 1, 'VIERNES', 6),
(113, 4, 9, 8, 2, 'SÁBADO', 7),
(114, 4, 9, 8, 2, 'SÁBADO', 8),
(115, 4, 9, 8, 2, 'SÁBADO', 9),
(116, 4, 9, 8, 2, 'SÁBADO', 10),
(117, 4, 9, 8, 2, 'SÁBADO', 11),
(118, 5, 25, 5, 5, 'LUNES', 1),
(119, 5, 25, 5, 5, 'LUNES', 2),
(120, 5, 25, 5, 5, 'LUNES', 3),
(121, 5, 25, 5, 5, 'LUNES', 4),
(122, 5, 26, 12, 5, 'LUNES', 5),
(123, 5, 26, 12, 5, 'LUNES', 6),
(124, 5, 27, 15, 5, 'MARTES', 1),
(125, 5, 27, 15, 5, 'MARTES', 2),
(126, 5, 27, 15, 5, 'MARTES', 3),
(127, 5, 27, 15, 5, 'MARTES', 4),
(128, 5, 26, 12, 5, 'MARTES', 5),
(129, 5, 26, 12, 5, 'MARTES', 6),
(130, 5, 28, 16, 5, 'MIÉRCOLES', 1),
(131, 5, 28, 16, 5, 'MIÉRCOLES', 2),
(132, 5, 29, 8, 5, 'MIÉRCOLES', 3),
(133, 5, 29, 8, 5, 'MIÉRCOLES', 4),
(134, 5, 29, 8, 5, 'MIÉRCOLES', 5),
(135, 5, 29, 8, 5, 'MIÉRCOLES', 6),
(136, 5, 30, 19, 5, 'JUEVES', 1),
(137, 5, 30, 19, 5, 'JUEVES', 2),
(138, 5, 30, 19, 5, 'JUEVES', 3),
(139, 5, 30, 19, 5, 'JUEVES', 4),
(140, 5, 28, 16, 5, 'VIERNES', 1),
(141, 5, 28, 16, 5, 'VIERNES', 2),
(142, 5, 31, 16, 5, 'VIERNES', 3),
(143, 5, 31, 16, 5, 'VIERNES', 4),
(144, 5, 31, 16, 5, 'VIERNES', 5),
(145, 5, 31, 16, 5, 'VIERNES', 6),
(146, 6, 32, 11, 2, 'LUNES', 1),
(147, 6, 3, 11, 2, 'LUNES', 2),
(148, 6, 8, 12, 2, 'LUNES', 3),
(149, 6, 26, 12, 5, 'LUNES', 5),
(150, 6, 26, 12, 5, 'LUNES', 6),
(151, 6, 27, 15, 5, 'MARTES', 1),
(152, 6, 33, 15, 5, 'MARTES', 2),
(153, 6, 27, 15, 5, 'MARTES', 3),
(154, 6, 33, 15, 5, 'MARTES', 4),
(155, 6, 26, 12, 5, 'MARTES', 5),
(156, 6, 26, 12, 5, 'MARTES', 6),
(157, 6, 28, 16, 5, 'MIÉRCOLES', 1),
(158, 6, 28, 16, 5, 'MIÉRCOLES', 2),
(159, 6, 24, 12, 1, 'MIÉRCOLES', 5),
(160, 6, 24, 12, 1, 'MIÉRCOLES', 6),
(161, 6, 30, 20, 5, 'JUEVES', 1),
(162, 6, 34, 20, 5, 'JUEVES', 2),
(163, 6, 34, 20, 5, 'JUEVES', 3),
(164, 6, 34, 20, 5, 'JUEVES', 4),
(165, 6, 35, 12, 1, 'JUEVES', 5),
(166, 6, 35, 12, 1, 'JUEVES', 6),
(167, 6, 28, 16, 5, 'VIERNES', 1),
(168, 6, 28, 16, 5, 'VIERNES', 2),
(169, 6, 31, 16, 5, 'VIERNES', 3),
(170, 6, 31, 16, 5, 'VIERNES', 4),
(171, 6, 31, 16, 5, 'VIERNES', 5),
(172, 6, 31, 16, 5, 'VIERNES', 6),
(174, 7, 3, 11, 2, 'LUNES', 2),
(175, 7, 8, 12, 2, 'LUNES', 3),
(176, 7, 26, 12, 5, 'LUNES', 5),
(177, 7, 26, 12, 5, 'LUNES', 6),
(178, 7, 27, 15, 5, 'MARTES', 1),
(179, 7, 33, 15, 5, 'MARTES', 2),
(180, 7, 27, 15, 5, 'MARTES', 3),
(181, 7, 33, 15, 5, 'MARTES', 4),
(182, 7, 26, 12, 5, 'MARTES', 5),
(183, 7, 26, 12, 5, 'MARTES', 6),
(184, 7, 20, 14, 1, 'MIÉRCOLES', 1),
(185, 7, 20, 14, 1, 'MIÉRCOLES', 2),
(186, 7, 20, 14, 1, 'MIÉRCOLES', 3),
(187, 7, 20, 14, 1, 'MIÉRCOLES', 4),
(188, 7, 24, 12, 1, 'MIÉRCOLES', 5),
(189, 7, 24, 12, 1, 'MIÉRCOLES', 6),
(190, 7, 30, 20, 5, 'JUEVES', 1),
(191, 7, 34, 20, 5, 'JUEVES', 2),
(192, 7, 30, 20, 5, 'JUEVES', 3),
(193, 7, 34, 20, 5, 'JUEVES', 4),
(194, 7, 35, 12, 1, 'JUEVES', 5),
(195, 7, 35, 12, 1, 'JUEVES', 6),
(196, 7, 22, 12, 1, 'VIERNES', 1),
(197, 7, 22, 12, 1, 'VIERNES', 2),
(198, 7, 22, 12, 1, 'VIERNES', 3);

SET FOREIGN_KEY_CHECKS = 1;
